submodule,cancer,diabetes,immune,neuro,aging,agreement_score
submodule_6,0.5953830297673771,0.10457176758415646,0.1414758494782692,0.05217512001358606,0.1063942331566112,0.707572518337366
submodule_7,0.42691800145757475,0.04760401750952513,0.20265973946125496,0.11386728389221255,0.20895095767943264,0.8418201041007539
submodule_8,0.05346261288944003,0.1016801993357748,0.08135006839290682,0.7635071193818784,0.0,0.5760278500883276
